Country,CountryName,Status,Adapter,SourceURL,Notes
AD,Andorra,unsupported,,,Andorra has no public sex-offender registry. It operates a background-check certificate system (antecedents penals / certificat d'absència d'antecedents per delictes sexuals) used by employers/volunte
AE,United Arab Emirates,unsupported,,,The UAE has no public sex-offender registry. Proposals discussed in UAE media (~2011-2013) were never enacted as a public system. Any internal police database is law-enforcement-only; convicted foreig
AF,Afghanistan,unsupported,,,"Afghanistan has no public sex offender registry. It is absent from every global survey of SORN systems (ICMEC, OJP). Under Taliban governance since August 2021, the justice system operates under Shari"
AG,Antigua and Barbuda,unsupported,,,"Antigua and Barbuda enacted the National Sex Offender Register Act 2022 (No. 24 of 2022) and the registry is operational, but Section 6 of that Act explicitly bars public access. Access requires a wri"
AI,Anguilla,unsupported,,,"Anguilla is named as a participating jurisdiction in the OECS cross-border sex offender information-sharing framework (Antigua and Barbuda Sexual Offenders Registry Bill 2022), but that system is poli"
AL,Albania,unsupported,,,"Albania's National Register of Sexual Offenders (Law 62/2022, hosted on e-Albania) is not enumerable. Citizens may perform name-specific lookups via e-Albania (requires authentication and leaves audit"
AM,Armenia,unsupported,,,Armenia has no sex-offender registration law and no public-enumerable registry; the Criminal Code defines sexual offenses but records are police-only. Not listed in any global survey of countries with
AO,Angola,unsupported,,,Angola has no public sex-offender registry. Its 2021 Penal Code (Lei 38/20) addresses sexual crimes but establishes no registration or notification system. The country has only a general criminal-reco
AQ,Antarctica,unsupported,,,Antarctica has no government and no permanent civilian population. The Antarctic Treaty System assigns criminal jurisdiction to each individual's home country; no Antarctic authority exists to operate
AR,Argentina,unsupported,,,"Argentina's Registro Nacional de Datos Genéticos (Law 26.879, amended by Law 27759/2024, regulated by Decree 709/2025) is police/judicial-only — explicitly 'sensitive data of confidential character' a"
AS,American Samoa,unsupported,,,"Official public registry exists, but access to all search/notification surfaces is gated behind a Conditions of Use page with Google reCAPTCHA, so it is a CAPTCHA-walled search site rather than a publ"
AT,Austria,unsupported,,,"Austria's sex offender register (Sexualstraftäterdatei) is a police-internal database, not publicly accessible. Parliamentary proposals to create a public registry have been rejected. No enumerable of"
AU,Australia,unsupported,,,"Australia has no comprehensive public sex offender registry. The three states with partial public disclosure (QLD Daniel's Law, SA CSOR, WA Community Protection) all expose only Tier-1 'missing/non-co"
AW,Aruba,unsupported,,,Aruba has no public sex offender registry. The government portal (gobierno.aw) and national ordinances contain no such system. The only 'registry' found is an unofficial Facebook community group (not 
AX,Åland Islands,unsupported,,,"Åland Islands follows Finnish national criminal law; Finland has enacted no sex offender registration scheme of any kind (public or law-enforcement-only), so there is no enumerable public registry to "
AZ,Azerbaijan,unsupported,,,Azerbaijan has no public sex offender registry. Global surveys of sex offender registration laws do not include Azerbaijan; the MIA website has no public-facing offender database; no enabling legislat
BA,Bosnia and Herzegovina,unsupported,,,Both entity-level registries are explicitly confidential by law: the Federation of BiH registry 'permanently and confidentially stores data' accessible only to MUP/courts/child-serving institutions; t
BB,Barbados,unsupported,,,"Barbados has no public sex offender registry. The Sexual Offences Act 1992 governs offenses but creates no public registry. As of May 2024, the Youth Minister was still calling for one to be establish"
BD,Bangladesh,unsupported,,,Bangladesh has no official government sex-offender registry. The only existing platform (Shocheton.org) is a private civil-society site accepting crowdsourced public submissions — not an official gove
BE,Belgium,unsupported,,,Belgium has no public sex-offender registry. The Belgian Federal Justice Ministry website (justice.belgium.be) makes no reference to any publicly searchable offender list. French-language sources conf
BF,Burkina Faso,unsupported,,,"Burkina Faso has no public sex offender registry. The eCasier Judiciaire (ecasier-judiciaire.gov.bf) is a private self-service criminal record certificate portal for individuals only, not a publicly e"
BG,Bulgaria,unsupported,,,"Bulgaria passed legislation February 2026 making the National Pedophilia Registry (НИСПЗП) partially public via the MoI e-services portal (e-uslugi.mvr.bg, live July 1 2026), but the system is a name-"
BH,Bahrain,unsupported,,,Bahrain has no sex offender registration law (confirmed by ICMEC national legislation profile and DOJ/SMART global SORN survey). No statutory requirement to register or publicly disclose sex offenders
BI,Burundi,unsupported,,,"Burundi has no sex offender registration law and no public government portal enumerating offender records. Global SORN surveys (OJP, ICMEC) list ~19 countries with such systems; Burundi is absent from"
BJ,Benin,unsupported,,,Benin has no public sex offender registry. Law 2011-26 increases criminal penalties for sexual violence but creates no registration or public disclosure system. No enumerable government database exist
BL,Saint Barthélemy,unsupported,,,Saint Barthélemy is a French overseas collectivity governed by French law. France's sex-offender file (FIJAISV / Articles 706-53-1 to 706-53-12 CPP) is strictly police/judicial access only — not publi
BM,Bermuda,unsupported,,,"Bermuda has a sex offender registration law (2001) and limited ministerial public-notification mechanism (2009), but no publicly enumerable registry. Disclosure is selective and at the Minister's disc"
BN,Brunei Darussalam,unsupported,,,Brunei Darussalam has no public sex offender registry. It is an absolute monarchy operating under civil and Syariah penal codes; no public offender disclosure law or enumerable government dataset exis
BO,"Bolivia, Plurinational State of",unsupported,,,"Bolivia has no enacted public sex offender registry. The only relevant legislation (Ley Esther, Project 353/2020-2021) proposing a mandatory public registry remained in legislative committee and was n"
BQ,"Bonaire, Sint Eustatius and Saba",unsupported,,,"Bonaire, Sint Eustatius and Saba are special municipalities governed by Dutch law. The Netherlands has no public sex offender registry — only a law-enforcement-internal system. No public enumerable di"
BR,Brazil,unsupported,,,"Brazil passed Law 15.035/24 (Nov 2024) authorizing a national registry of convicted sex offenders, but as of July 2026 the system remains unimplemented — the Ministry of Justice and CNJ dispute who mu"
BS,Bahamas,unsupported,,,"The Bahamas Sexual Offenders Register (established under the 2014 amendment, in force July 2019) is explicitly police-only. As of July 2026, the AG and advocacy groups are still debating whether to op"
BT,Bhutan,unsupported,,,"Bhutan has no public sex-offender registry. The Royal Bhutan Police announced in 2022 that they were developing an internal police-to-police registry (records shared among police stations), not a publ"
BV,Bouvet Island,unsupported,,,"Bouvet Island is an uninhabited Norwegian nature reserve with no permanent population, no local government, and no criminal justice infrastructure — a sex-offender registry cannot exist here; Norway a"
BW,Botswana,unsupported,,,Botswana's Sexual Offenders Registry Act (2021) places the register under the Commissioner of Police with no public enumeration pathway. The law mandates employer disclosure by offenders and police cu
BY,Belarus,unsupported,,,"Belarus maintains an internal police database of sex offenders, but it is restricted to law enforcement, courts, and authorized state bodies — not publicly enumerable. The UK FCDO victim-support docum"
BZ,Belize,unsupported,,,Belize's National Sex Offenders Database is police-only and requires written government approval to access — not publicly enumerable. A June 2026 Criminal Code amendment to open it to the public compl
CA,Canada,covered,ca_registry,https://rcmp.ca/en/high-risk-child-sex-offender-database/search-database,
CC,Cocos (Keeling) Islands,unsupported,,,Cocos (Keeling) Islands is an Australian external territory (~600 residents) governed by Australian federal law. Australia's Child Protection Offender Register is police-only and not publicly enumerab
CD,"Congo, The Democratic Republic of the",unsupported,,,"The DRC has no public sex-offender registry. Offender records are police-internal only; the country does not appear in any global survey of public SORN laws, and no government-operated enumerable disc"
CF,Central African Republic,unsupported,,,The Central African Republic has no sex offender registration law and no public-facing registry. The country has anti-trafficking legislation (Law 22015/2022) but no enumerable disclosure system. No g
CG,Congo,unsupported,,,"Congo (Republic of Congo) has no public sex offender registry. The country's criminal justice framework addresses sexual violence only through penal code provisions (criminalization, prosecution) with"
CH,Switzerland,unsupported,,,Switzerland has no enacted sex-offender registration or public notification law. Criminal records are police-only; there is no publicly enumerable registry at national or cantonal level. Legislative p
CI,Côte d'Ivoire,unsupported,,,Côte d'Ivoire has no public sex offender registry. ECPAT confirms no mandatory criminal background check provisions exist; the Ministry of Justice website (justice.ci) offers no public offender databa
CK,Cook Islands,unsupported,,,Cook Islands has no public sex offender registry. The 2017 Crimes Bill establishes sexual offenses but contains no public notification or disclosure register. The Ministry of Justice governs only corp
CL,Chile,unsupported,,,Chile's 'Registro de Ofensores Sexuales' (inhabilidades para trabajar con menores) at registrocivil.cl is a per-person lookup that requires the subject's RUT/RUN national ID number and passes through 
CM,Cameroon,unsupported,,,Cameroon has no public sex-offender registry. Its 2016 Penal Code criminalises sexual offences but establishes no registration or notification system. Cameroon appears in no international survey of co
CN,China,unsupported,,,"China's national sex offender inquiry system (est. 2019, MoE/MPS/SPP joint database) is gated to schools, teacher-accreditation bodies, and local education bureaus for pre-employment checks — not acce"
CO,Colombia,unsupported,,,"Colombia's sex-offender disqualification registry (Ley 1918/2018, at inhabilidades.policia.gov.co:8080) is restricted by law to pre-authorized employers/institutions only; the data subject must expres"
CR,Costa Rica,unsupported,,,Costa Rica has no operational public sex offender registry. Legislative bill 23.886 proposing one was still in committee as of late 2024 and had not been promulgated; even the proposed system restrict
CU,Cuba,unsupported,,,"Cuba has no public sex offender registry. It is absent from all major global surveys of countries with national sex offender registration and notification laws (SMART/OJP, ICMEC global overview). Cuba"
CV,Cabo Verde,unsupported,,,Cabo Verde has no sex offender registration or community notification law. The government's only criminal-record system is a private per-person certificate (Registo Criminal) not enumerable by the pub
CW,Curaçao,unsupported,,,Curaçao has no public sex offender registry. The country follows the Dutch legal tradition (no public SORN in the Netherlands either); the Public Prosecutor's Office publishes only individual case pre
CX,Christmas Island,unsupported,,,Christmas Island applies Western Australian law (Christmas Island Act 1958); WA's Community Protection register is not publicly enumerable — public access requires submitting an application with perso
CY,Cyprus,unsupported,,,"Cyprus operates a police-internal registry under Law 91(I)/14; it is not publicly enumerable. Employers seeking child-services staff can request a police certificate, but no public database exists. Mu"
CZ,Czechia,unsupported,,,Czechia's sex offender register (registr sexuálních delikventů) is explicitly non-public: access is restricted to employers and institutions working with children via a 'dětský certifikát' (children's
DE,Germany,unsupported,,,Germany has no public sex-offender registry. The Federal Central Criminal Register (Bundeszentralregister) is police/government-only; individuals can only request their own Führungszeugnis. GDPR Art. 
DJ,Djibouti,unsupported,,,Djibouti operates no public sex-offender registry. It is a French-civil-law jurisdiction; comparable records (as in France's FIJAISV model) are police-only and confidential by law. No official governm
DK,Denmark,unsupported,,,"No public registry. Denmark keeps sex-offense records police-only; the only mechanism is the børneattest (children's certificate) issued by police, accessible solely to authorized employers via NemID "
DM,Dominica,unsupported,,,"Dominica has no public sex offender registry. Government only 'considering' one as of 2022; NGO advocacy ongoing since 2019 but no registry established. No official, government-run, publicly enumerabl"
DO,Dominican Republic,unsupported,,,"No public registry exists. The Dominican Republic's first sex-offender registry is only being created in 2026 under the new Penal Code, administered by the Ministerio Público as a prosecutor-run post-"
DZ,Algeria,unsupported,,,"No public enumerable sex-offender registry. Algeria's only offender-record system is the private, self-requested casier judiciaire (السوابق العدلية) issued by the Ministry of Justice to the individual"
EC,Ecuador,unsupported,,,"Ecuador's sex-offender registry is legislated as a CONFIDENTIAL (authorities-only) registry, not public; no official government portal publishes browsable/enumerable offender records. Public Fiscalía "
EE,Estonia,unsupported,,,"No public enumerable sex-offender registry. Estonia's karistusregister (RIK) is a per-person on-request criminal-records lookup, not a browsable/enumerable offender list, and serves no photos. A dedic"
EG,Egypt,unsupported,,,Egypt has no public sex-offender registry. No dedicated registration/notification law exists; sexual offenses are handled under ordinary criminal procedure. Egypt is absent from all global SORN system
EH,Western Sahara,unsupported,,,No public sex-offender registry exists for Western Sahara. It is a disputed non-self-governing territory administered mainly by Morocco (partly SADR/Polisario) with no independent registry infrastruct
ER,Eritrea,unsupported,,,"No official public sex-offender registry. Eritrea is a one-party state that publishes no online criminal-offender data; no government-run, enumerable public registry exists (no bulk file, API, or pagi"
ES,Spain,unsupported,,,"Spain's Registro Central de Delincuentes Sexuales is a non-public background-check system: it only issues per-person self/employer certificates for working with minors. No public enumeration, no searc"
ET,Ethiopia,unsupported,,,No public registry exists. Ethiopia's national Sexual Violence Registration System was announced April 2024 and planned for a 2025 launch but is not operational as of mid-2026; no official government 
FI,Finland,unsupported,,,No public sex offender registry exists in Finland. Criminal records are held by the Legal Register Centre and disclosed only for statutory purposes under the Criminal Records Act; no government author
FJ,Fiji,unsupported,,,"Fiji's Registration of Sex Offenders Act 2021 establishes a register but Section 27 restricts access; it is police/specified-agency-only with statutory confidentiality (s.29). No official public, enum"
FK,Falkland Islands (Malvinas),unsupported,,,"Police-only notification scheme (UK-model sex offenders register); no official government-published, publicly enumerable offender registry. Register serves police monitoring only, not public browse/se"
FM,"Micronesia, Federated States of",unsupported,,,"FSM is a sovereign nation (Compact of Free Association, not a US territory) so it is not covered by SORNA/NSOPW; it operates no official public, enumerable sex-offender registry — only statute/case-la"
FO,Faroe Islands,unsupported,,,Faroe Islands (autonomous territory of Denmark) has no public sex-offender registry. Offender data is held only in Denmark's police-only Central Crime Register; Nordic/Danish law keeps such records la
FR,France,unsupported,,,"France's only registry (FIJAISV) is law-enforcement/judicial-only, restricted to authorized agencies under strict confidentiality. No public, enumerable, government-run offender registry exists; publi"
GA,Gabon,unsupported,,,"Gabon operates no public sex-offender registry. No official government authority publishes an enumerable, publicly browsable list of offender records. Global SORN surveys (OJP/SMART) list no Gabonese "
GB,United Kingdom,unsupported,,,"No public registry. The UK Sex Offenders Register (ViSOR) is police-only/confidential, coordinated by police and the NCA. The only public-facing mechanism, Sarah's Law (Child Sex Offender Disclosure S"
GD,Grenada,unsupported,,,"No public registry exists; a sex-offender registry bill has only been in proposal/consultation stages since 2017 (still under consultation as of Jan 2024), not enacted or operational, and its proposed"
GE,Georgia,unsupported,,,"Georgia's register of sexual-offense convictions (MIA, est. 2020) is not public or enumerable. Access is certificate-only via sa.gov.ge Service Agency: only the subject (or agent with power of attorne"
GF,French Guiana,unsupported,,,"French Guiana is an overseas department of France, governed by French law. France's sole sex-offender registry (FIJAISV) is police/judicial-only and not publicly accessible or enumerable. No separate "
GG,Guernsey,unsupported,,,Guernsey's sex offenders register (2013 Law) is police-only by statute — managed by the Police Public Protection Unit / MAPPA with disclosure solely at the Chief Officer's discretion. No official publ
GH,Ghana,unsupported,,,No public registry: Ghana announced a sex offenders register via DOVVSU/Ghana Police in 2020 but never launched it (press confirms it remains overdue/unimplemented as of 2024-2025). No official govern
GI,Gibraltar,unsupported,,,"Police-only register (Royal Gibraltar Police Public Protection Unit); law prohibits publishing offenders' convictions. No public, enumerable registry — disclosure limited to a non-public MAPPA-style s"
GL,Greenland,unsupported,,,"Greenland (Kingdom of Denmark) keeps sex-offender records police-only under Danish/GDPR-aligned law; no official government-run public, enumerable offender registry exists."
GM,Gambia,unsupported,,,Gambia operates no public sex-offender registry. It is absent from the OJP/SMART global overview of countries with SORN systems. The Sexual Offences Act 2013 criminalizes sexual offences but creates n
GN,Guinea,unsupported,,,"No public registry. Guinea's only offender record is the application-gated casier judiciaire (private, non-enumerable, not sex-offense-specific). A public sex-offender registry exists only as a 2022 a"
GP,Guadeloupe,unsupported,,,"Guadeloupe is a French overseas department under French law; the national sex-offender registry FIJAISV is police/judicial-only, restricted to authorized agencies under confidentiality, with no public"
GQ,Equatorial Guinea,unsupported,,,"No official public sex-offender registry. Equatorial Guinea does not appear in global SORN surveys (OJP/SMART) and no government body publishes an enumerable, publicly browsable offender list; such re"
GR,Greece,unsupported,,,"No public registry. Greece keeps a Ministry of Justice 'special criminal registry' (ειδικό ποινικό μητρώο) for offenders against minors per the Lanzarote Convention, but it is a judicial/vetting recor"
GS,South Georgia and the South Sandwich Islands,unsupported,,,British Overseas Territory with no permanent population and no independent judiciary or public criminal-records system; administered by the Commissioner (Governor of the Falkland Islands). No official
GT,Guatemala,unsupported,,,"Guatemala's RENAS (Ministerio Público) is a certificate/constancia lookup, not an enumerable public registry: individuals submit their own DPI/ID to download a yes/no certificate, and consulting requi"
GU,Guam,covered,gu_registry,https://soregistry.guamcourts.gov/homes/sor_directory,
GW,Guinea-Bissau,unsupported,,,Guinea-Bissau operates no public sex-offender registry. No official government database exists (public or police-only); international SORN surveys do not list it. The only Lusophone registry found is 
GY,Guyana,unsupported,,,"Guyana's sex offender registry (created only by the Sexual Offences (Amendment) Bill 2026) is a legally closed, police-only database. Access requires a formal request to the Commissioner of Police; th"
HK,Hong Kong,unsupported,,,"Hong Kong has no public sex-offender registry. Its only system is the Sexual Conviction Record Check (SCRC) Scheme, an administrative HKPF check that is applicant-consent-based, employer-initiated, an"
HM,Heard Island and McDonald Islands,unsupported,,,"Heard Island and McDonald Islands is an uninhabited Australian external territory with no population, no local government, and no registry. Its governing jurisdiction, Australia, keeps sex-offender re"
HN,Honduras,unsupported,,,"Honduras has no operational public sex offender registry. A national registry (SINRAS) is only a proposed legislative bill before the Congreso Nacional, not a live platform. Execution courts keep inte"
HR,Croatia,unsupported,,,"No public registry. Croatia keeps convicted sex-offender data only in the Ministry of Justice criminal record (kaznena evidencija), which is closed to the public and released only for employment vetti"
HT,Haiti,unsupported,,,"Haiti operates no sex-offender registry of any kind — it is not among the ~19 countries with SORN laws (OJP/SMART global survey), and no official government body publishes an enumerable public offende"
HU,Hungary,unsupported,,,"Hungary's child sex-offender registry (Ministry of Interior, 2022) is login-gated via KAÜ digital ID, restricted to guardians of minors, search-only (non-enumerable), and legally confidential (screens"
ID,Indonesia,unsupported,,,"No public enumerable government sex-offender registry. Indonesia's 2016 law permits case-by-case identity disclosure and chemical castration as court-ordered punishments, but no central browsable data"
IE,Ireland,unsupported,,,No public registry. Ireland's sex offender records are held police-only by An Garda Siochana under the Sex Offenders Act 2001 (amended 2023). The 2023 law added only targeted Garda disclosure to speci
IL,Israel,unsupported,,,"Israel's sex offender registry (2006 Protection of the Public from Sex Offenders Law) is police-only, maintained internally by the Israel Police and not published to the public. Access is limited to l"
IM,Isle of Man,unsupported,,,No public registry. Sex offenders are managed police-only under MAPPA by the Isle of Man Constabulary's PVP Safeguarding Unit; the island explicitly declined to adopt even a Sarah's Law-style disclosu
IN,India,covered,in_registry,,
IO,British Indian Ocean Territory,unsupported,,,"British Indian Ocean Territory has no permanent civilian population (military base only) and no official public sex-offender registry; UK-law ViSOR governing it is police-only, not publicly enumerable"
IQ,Iraq,unsupported,,,"Iraq has no public, enumerable government sex-offender registry; criminal records are police/judicial-only by law with no public browse/search of offender records."
IR,"Iran, Islamic Republic of",unsupported,,,"No official public sex-offender registry exists in Iran. Iran maintains no government-run, publicly enumerable offender database; criminal/judicial records are not published to the general public. Pub"
IS,Iceland,unsupported,,,No public sex-offender registry. Icelandic criminal records (sakaskra) are police-only; the only public channel (court ruling publication) is non-enumerable and is being anonymized by law to hide sex-
IT,Italy,unsupported,,,"No public sex-offender registry. Italy's national database (Law 36/2006) is police-only/internal-use per the Lanzarote Convention; a public registry has only been proposed, never enacted. No official "
JE,Jersey,unsupported,,,Jersey's sex offenders register is police-only (States of Jersey Police / JMAPPA); not published or publicly enumerable. gov.je FOI confirms offender details are withheld because the small jurisdictio
JM,Jamaica,unsupported,,,"Official registry exists (DCS) but is statutorily secret/confidential — access only by written application from a narrow class of authorized parties (police, employers, counsellors); no public browse/"
JO,Jordan,unsupported,,,"Jordan has no public sex-offender registry. Criminal records are held police-only by the Public Security Directorate (PSD), which publishes only aggregate crime statistics, not individual or enumerabl"
JP,Japan,unsupported,,,"No public government-run enumerable registry. Offender records are police/MoJ-only by law. The 2026 'Japan DBS' (Children and Families Agency) is an employer-only background-check system, not a public"
KE,Kenya,unsupported,,,"Kenya's CSOER register exists but is not publicly enumerable: the public must submit a request form via e-filing, demonstrate reasonable interest, and await Chief Registrar approval (up to 21 days). D"
KG,Kyrgyzstan,unsupported,,,"No public sex-offender registry exists. A law-enforcement database is only in development (MIA working group formed early 2026; announced 22 May 2026) and is described as internal/preventive, not publ"
KH,Cambodia,unsupported,,,Cambodia has no public government-run sex-offender registry. Offender records are police-held and not published or enumerable by the general public; no official list-all or paginable public search exi
KI,Kiribati,unsupported,,,Kiribati operates no public sex offender registry. Offender records are police-only (Kiribati Police Service); no enacted registration/notification law and no official government website publishes enu
KM,Comoros,unsupported,,,Comoros has no official government-run public sex offender registry. No enumerable public registry found via English or French search; global SORN overviews do not list Comoros as having any public-fa
KN,Saint Kitts and Nevis,unsupported,,,No operational public registry. A Sexual Offenders Registry Bill (2022) exists in the OECS context but no official government website publishes offender records to the general public in an enumerable/
KP,"Korea, Democratic People's Republic of",unsupported,,,"North Korea (DPRK) operates no public-facing government internet services and publishes no criminal or sex-offender records to the general public. There is no official, enumerable public registry. Sea"
KR,"Korea, Republic of",unsupported,,,"Official registry (성범죄자 알림e, MOGEF/MOJ) exists but is gated behind mandatory adult real-name identity verification (본인인증); no anonymous browse or list-all, and enumeration/redistribution of the disclo"
KW,Kuwait,unsupported,,,"Kuwait operates no public sex-offender registry. Not listed in any global SORN inventory (SMART/OJP, ICMEC); offender records are police/court-only and not publicly enumerable. No official MOI/MOJ por"
KY,Cayman Islands,unsupported,,,"Cayman Islands Sex Offender Register is confidential/police-only by statute (unauthorized disclosure is a criminal offense, up to 5 years); no public enumerable government registry. The only public li"
KZ,Kazakhstan,covered,kz_registry,https://gis.kgp.kz/arcgis/rest/services/KPSSU/peds_new/FeatureServer/0,
LA,Lao People's Democratic Republic,unsupported,,,Lao PDR operates no public sex-offender registry; no official government authority publishes an enumerable list or paginable search of offender records. ECPAT/OHCHR confirm no registration system exis
LB,Lebanon,unsupported,,,"Lebanon has no public sex offender registry. Offender records are held police-only by the Internal Security Forces; the only offender-facing system is the السجل العدلي (criminal-record certificate), a"
LC,Saint Lucia,unsupported,,,"No public, enumerable government sex-offender registry. Saint Lucia is not among the few countries (Bermuda, UK, USA, Maldives, Kenya, South Korea) that publish registry data to the general public; an"
LI,Liechtenstein,unsupported,,,No public sex-offender registry. Liechtenstein's Strafregister (StRegG 1974) is a court/police-only criminal record; the public can only order a personal Strafregisterauszug from the Landgericht via e
LK,Sri Lanka,unsupported,,,"Sri Lanka has no public sex-offender registry. It maintains only a police-only 'Fingerprintable Offences Registry' (Police Crime/Criminal Records Division), not publicly accessible or enumerable. No l"
LR,Liberia,unsupported,,,"No public registry: Liberia's national sex-offender registry is still in the design/development stage (technical planning as of May 2023) with no operational, publicly enumerable government portal."
LS,Lesotho,unsupported,,,"Lesotho operates no public sex-offender registry. No official government authority publishes an enumerable, publicly-browsable offender database; regional practice (even neighbouring South Africa's NR"
LT,Lithuania,unsupported,,,"No public enumerable registry. Lithuania's existing 'Registry of Suspected, Accused, and Convicted Persons' is restricted-access (employer/law-enforcement query only, no public browse/enumeration). A "
LU,Luxembourg,unsupported,,,"Luxembourg has no public sex-offender registry. Only a police/judiciary-held criminal record (casier judiciaire, mj.gouvernement.lu) exists; extracts are issued privately to the individual or authoriz"
LV,Latvia,unsupported,,,"Latvia's sex-offender registry (Sodu reģistrs / penal registry) is accessible only to law enforcement, schools, and custody courts under the Penal Registry Law. Justice Ministry proposals to make it p"
LY,Libya,unsupported,,,"No official public sex-offender registry exists in Libya. Libya is absent from global SORN-law surveys (OJP/SMART) and operates no government-run, publicly enumerable offender database; such records, "
MA,Morocco,unsupported,,,Morocco has no sex-offender registration/notification law and no official government-run public registry. No enumerable public list of offenders is published; only US-style public registries exist els
MC,Monaco,unsupported,,,"Monaco has no public sex-offender registry. As a continental-European (French-model) jurisdiction, any such records are police-only and not publicly enumerable; no official government authority publis"
MD,"Moldova, Republic of",unsupported,,,Moldova operates no public sex-offender registry; only preliminary discussion of creating one exists. No official government authority publishes enumerable offender records to the general public. (Eve
ME,Montenegro,unsupported,,,"Montenegro's official registry of offenders against minors (operational since Aug 2024, ~125 entries) is legally closed to the public — access restricted to courts, prosecutors, and police. No enumera"
MF,Saint Martin (French part),unsupported,,,Saint Martin (French part) is governed by French law; France's only sex offender registry (FIJAISV) is police/judicial-only and not public or enumerable. No public territorial registry exists.
MG,Madagascar,unsupported,,,Madagascar operates no public sex-offender registry. ECPAT confirms no offender-registration or background-check legislation exists; global registry overviews do not list Madagascar among countries wi
MH,Marshall Islands,unsupported,,,"Marshall Islands (freely associated state, not a SORNA jurisdiction) operates no public, enumerable government sex-offender registry; not federated in NSOPW and no official RMI list-all or paginable p"
MK,North Macedonia,covered,mk_registry,https://registarnapedofili.mk/Prebaruvanje.aspx,
ML,Mali,unsupported,,,No public sex-offender registry. Mali (French civil law) keeps any such records police/judicial-only; no official government site lets the public browse or enumerate offender records.
MM,Myanmar,unsupported,,,"Myanmar has no public sex offender registry. No registration law exists (absent from OJP's global overview of registration/notification systems), no government authority publishes enumerable offender "
MN,Mongolia,unsupported,,,"No official public sex-offender registry. Mongolia maintains criminal/sexual-offense records police-only (General Police Department); public sources are the Criminal Code, victim-support statistics, a"
MO,Macao,unsupported,,,"Macao operates no public sex offender registry. The only government criminal-records system is the Certificate of Criminal Record (刑事紀錄證明書) from DSAJ — a private, in-person request for one's own recor"
MP,Northern Mariana Islands,unsupported,,,"Official CNMI public registry exists (DPS, on federal TTSORS platform) but is gated behind Google reCAPTCHA: accepting the Conditions of Use requires a server-validated reCAPTCHA token, and both Name "
MQ,Martinique,unsupported,,,"Martinique is a French overseas department under French law; the only sex-offender registry (FIJAIS/FIJAISV) is police/judicial-only with no public access. No official public, enumerable offender regi"
MR,Mauritania,unsupported,,,"Mauritania operates no sex-offender registry, public or police-only. It does not appear in any authoritative global inventory (SMART/OJP global surveys, ICMEC overview) of countries with sex-offender "
MS,Montserrat,unsupported,,,"Montserrat (British Overseas Territory, pop. ~4,000) has no public sex-offender registry. Records are police-only under the UK ViSOR model; the only relevant initiative is a non-operational, non-publi"
MT,Malta,unsupported,,,"Malta's sex offenders register (Protection of Minors (Registration) Act 2012, kept by the Registrar of Civil Courts and Tribunals) is not public. Access is restricted to vetted 'relevant entities' via"
MU,Mauritius,unsupported,,,"Mauritius's Child Sex Offender Register Act 2020 (in force Jan 2022) creates a register held by the Commissioner of Police; it is police-only with no public, enumerable online search or list. No offic"
MV,Maldives,covered,mv_registry,https://aamahi.pgo.mv/child-offenders,
MW,Malawi,unsupported,,,"Malawi operates no sex-offender registry, public or police-only. The Malawi Police Service publishes no convicted-offender database, and no official government source lets the public browse/enumerate "
MX,Mexico,unsupported,,,"No public sex offender registry exists in Mexico. The only registry (Mexico City's Registro Público de Agresores Sexuales, RPAS) had public access struck down by the Supreme Court (SCJN) in February 2"
MY,Malaysia,unsupported,,,"Malaysia's national sex offender registry (eDKK, run by JKM/Welfare Dept) is not publicly enumerable: no online portal, in-person-only checks at JKM offices, single-individual lookup by MyKad/passport"
MZ,Mozambique,unsupported,,,"No official public sex-offender registry. Mozambique criminalizes sexual offenses (Penal Code Lei 24/2019) but publishes no government-run, publicly enumerable offender database; searches surface only"
NA,Namibia,unsupported,,,"No public sex offender registry exists. A register is only a debated proposal (Legal Assistance Centre / The Namibian); Namibia relies on applicant-requested police Certificates of Conduct, which are "
NC,New Caledonia,unsupported,,,New Caledonia is a French collectivity under French law; the only sex-offender registry (FIJAIS) is police/judicial-access only and not public or enumerable. No official public registry exists.
NE,Niger,unsupported,,,"Niger operates no public, enumerable sex-offender registry. Like other francophone (French-derived) legal systems, any offender records are confidential and police/judiciary-only; no official governme"
NF,Norfolk Island,unsupported,,,"Norfolk Island is an Australian external territory; Australian jurisdictions keep sex-offender records police-only by law with no public, enumerable registry. No official Norfolk Island government reg"
NG,Nigeria,covered,ng_registry,https://nsod.naptip.gov.ng/convicts,
NI,Nicaragua,unsupported,,,"Nicaragua has no public sex-offender registry. Authoritative global surveys (DOJ SMART, ICMEC) of national SORN systems do not list Nicaragua, and ECPAT confirms no statutory provisions even for crimi"
NL,Netherlands,unsupported,,,"No public sex-offender registry. Netherlands keeps offender records police-only under judicial/GDPR privacy law; the only notification mechanism informs police and mayors (not the public), and no offi"
NO,Norway,unsupported,,,"Norway has no public sex offender registry; criminal-record disclosure is via individual police certificates (politiattest) obtained by the applicant, not a publicly enumerable database. Policy delibe"
NP,Nepal,unsupported,,,"No official public sex-offender registry. Nepal has no government-run, publicly browsable/enumerable offender database; the Privacy Act 2018 restricts personal-data disclosure. The only 'public regist"
NR,Nauru,unsupported,,,Nauru operates no public sex offender registry. The Crimes Act 2016 and Child Welfare Act 2016 criminalize child sexual offences but create no offender registration or public-notification scheme; enfo
NU,Niue,unsupported,,,"Niue (free association with New Zealand) has no public sex offender registry. It follows NZ law, where offender records are police/agency-only and not publicly enumerable. No official government autho"
NZ,New Zealand,unsupported,,,NZ's Child Sex Offender Register (Child Protection Act 2016) is police/Corrections-only; the public has no access and there is no official enumerable public registry.
OM,Oman,unsupported,,,Oman operates no public sex-offender registry. Criminal records are held police-only by the Royal Oman Police and accessible only via identity-gated criminal-clearance certificate requests; no officia
PA,Panama,unsupported,,,"Panama's registry (DIJ, Law 501/2025) is public only via name-by-name 'certificado de no agresor sexual' certificates returning a yes/no for a supplied name. No enumerable list-all or paginable search"
PE,Peru,unsupported,,,"Peru's sex-offender data is held in the RUVA (Registro Único de Víctimas y Personas Agresoras), which is legally reservado/confidential — accessible only to authorized state institutions, not the publ"
PF,French Polynesia,unsupported,,,French Polynesia is a French overseas collectivity under French criminal law. France's only sex-offender registry (FIJAISV) is restricted by law to law enforcement and judicial authorities; there is n
PG,Papua New Guinea,unsupported,,,"No public sex offender registry. The Royal PNG Constabulary's Sexual Offences Squad investigates/prosecutes cases but publishes no enumerable public offender records; PNG operates no official, publicl"
PH,Philippines,unsupported,,,"No public sex-offender registry exists. PNP confirmed (2017 FOI) it holds no such system; a national registry remains proposed legislation only (Senate Bill 1291, pending House bills), none enacted as"
PK,Pakistan,unsupported,,,"National Sex Offenders Register (NADRA, Anti-Rape Act 2020 / Rules 2023) exists but is not publicly enumerable: access is an SMS-only one-off CNIC lookup (send 13-digit CNIC to shortcode 7000), and th"
PL,Poland,unsupported,,,"Official public registry (Rejestr publiczny, rps.ms.gov.pl) exists but is gated by Google reCAPTCHA on the public search (required on first query and every 10th) and an F5 ASM bot-detection WAF that r"
PM,Saint Pierre and Miquelon,unsupported,,,"Saint Pierre and Miquelon is a French overseas collectivity governed by French law. France's FIJAIS sex-offender registry is police/judiciary-only, not public or enumerable, and there is no separate p"
PN,Pitcairn,unsupported,,,"Pitcairn has a sex-offender registration law (2010, UK-style) but the register is police-held with no public notification system or publicly enumerable online registry; only statutes, not offender rec"
PR,Puerto Rico,covered,pr_registry,https://nsopw-api.ojp.gov/nsopw/v1/v1.0/search,
PS,"Palestine, State of",unsupported,,,"No official Palestinian government public sex-offender registry exists. Such records are not published to the general public in any enumerable form (police/judicial-internal at most), consistent with "
PT,Portugal,unsupported,,,"Portugal's child sex offender database (Law 103/2015, ~7,286 records) is police/judicial-only. Access is legally restricted to magistrates, police, DGRSP, child-protection commissions, and custodians "
PW,Palau,unsupported,,,"Palau's sex offender registry (established ~2023 with TCinGC consulting for the Office of the Attorney General) is an internal government/law-enforcement system. No public-facing, enumerable online po"
PY,Paraguay,unsupported,,,"Official registry exists (Ley 6572/2020, run by Poder Judicial) but is not publicly enumerable: login-gated portal requiring a specific person's national ID + IC code, returns only a yes/no certificat"
QA,Qatar,unsupported,,,Qatar operates no public sex-offender registry. Such records are police-only/non-public; no official government authority publishes enumerable offender records to the general public. Only the US offer
RE,Réunion,unsupported,,,"Réunion is a French overseas department; France's FIJAISV registry is police/judicial-only by law, not publicly browsable or enumerable. No official public registry exists."
RO,Romania,unsupported,,,"Registry exists (Law 118/2019, ~65k entries) but is law-enforcement-only and explicitly secret; no public, browsable, or enumerable offender list. Only personal behavioral-integrity certificates are i"
RS,Serbia,unsupported,,,"Serbia's sex-offender registry (est. 2015 under 'Marija's Law', held by the Administration for the Execution of Criminal Sanctions) is law-enforcement/employer-access only by statute — disclosed only "
RU,Russian Federation,unsupported,,,No public sex-offender registry exists in Russia. Offender records are police-only (MVD/Investigative Committee/FSIN internal databases). A public 'реестр педофилов' is only a State Duma proposal (Apr
RW,Rwanda,covered,rw_registry,https://sor.nppa.gov.rw/pub/publishedOffenders,
SA,Saudi Arabia,unsupported,,,"No public enumerable government registry. Saudi Arabia uses a 'name and shame' media-publication model (court rulings published in newspapers per-case at convict's expense), not a searchable database."
SB,Solomon Islands,unsupported,,,"No public sex offender registry exists. Solomon Islands has sexual-offence and child-protection laws (Sexual Offences Act 2016, Family Protection Act 2014, Child and Family Welfare Act 2017) but no go"
SC,Seychelles,unsupported,,,"No official public sex-offender registry. Seychelles maintains no government-run, publicly browsable/enumerable offender registry; such records (if kept) are police-only, consistent with the global no"
SD,Sudan,unsupported,,,Sudan operates no public sex-offender registry. No official government authority publishes enumerable offender records to the general public; such records (where they exist at all) are police-only. Th
SE,Sweden,unsupported,,,No public registry. Sweden's criminal record register (belastningsregistret) is police-only; the only public service is a self-requested personal criminal-record extract with no enumeration. Privacy/d
SG,Singapore,unsupported,,,"Police-only, non-public record under the Registration of Criminals Act. No publicly browsable/enumerable government sex-offender registry exists; access limited to police and screening agencies (MOE/M"
SH,"Saint Helena, Ascension and Tristan da Cunha",unsupported,,,"British Overseas Territory following UK model: sex offenders managed police/probation-side (CID + Offender Management Service); no public, enumerable government registry. Disclosure is application-bas"
SI,Slovenia,unsupported,,,No public sex-offender registry. Slovenia's Ministry of Justice deems a public register unconstitutional (2007 Constitutional Court ruling on data protection); offense data in criminal records is acce
SJ,Svalbard and Jan Mayen,unsupported,,,"Svalbard and Jan Mayen are governed under Norwegian law; Norway has no public sex offender registry — such records are police-only and privacy-protected, with no government-run, publicly enumerable of"
SK,Slovakia,unsupported,,,"Slovakia has no public sex-offender registry. Criminal records (register trestov, Generálna prokuratúra) are not public — only self-requested extracts, no enumeration. A national registry was only pro"
SL,Sierra Leone,unsupported,,,"No operational public registry. Sierra Leone has announced a national sex offender registry (Open Government Partnership commitment, data collection led by Sierra Leone Police Family Support Unit) int"
SM,San Marino,unsupported,,,No public sex-offender registry. A 2022 citizen petition to create one was rejected by the Consiglio Grande e Generale on 23 Feb 2023; authorities ruled that for privacy/ECHR reasons such records rema
SN,Senegal,unsupported,,,"No official public sex-offender registry. Senegal has no sex-offender registration/notification law (DOJ SMART global survey lists only Kenya, Nigeria, South Africa in Africa); no government source pu"
SO,Somalia,unsupported,,,"Somalia operates no public sex offender registry; not among countries with SORN laws, and no official government authority publishes enumerable offender records to the general public."
SR,Suriname,unsupported,,,"Suriname has no public sex-offender registry. Sexual offences are prosecuted by the Openbaar Ministerie under the Dutch-derived penal code; neither the Ministry of Justice and Police, the police (Korp"
SS,South Sudan,unsupported,,,"No official public sex offender registry exists for South Sudan. Government justice/police bodies (mojca.gov.ss, South Sudan Police Service) maintain no public, enumerable offender database; global SO"
ST,Sao Tome and Principe,unsupported,,,"No public registry. Sao Tome and Principe operates no online sex-offender registry; records are police/court-held only, with no government-published, enumerable list or searchable database of offender"
SV,El Salvador,unsupported,,,No public enumerable online sex offender registry. El Salvador's offender records are held by the PNC/Fiscalía and judicial system; ECPAT notes a registry 'accessible to interested individuals' only a
SX,Sint Maarten (Dutch part),unsupported,,,No public government sex-offender registry. Sint Maarten is a constituent country of the Kingdom of the Netherlands and follows Dutch/EU-style law where such records are police-only and not publicly p
SY,Syrian Arab Republic,unsupported,,,"No official public, enumerable sex-offender registry. Syria does not operate a publicly browsable government offender database; such records are police/judiciary-held only."
SZ,Eswatini,unsupported,,,SODV Act 2018 provides for a sex offender register but the Office of the Registrar was still not established as of Feb 2024; even by statutory design it is a fact-finding lookup (approach-the-registra
TC,Turks and Caicos Islands,unsupported,,,"No official public sex-offender registry. Turks and Caicos has no government-run, publicly browsable/enumerable offender register; police records are fee-based certificate requests only, and regional "
TD,Chad,unsupported,,,"Chad operates no public sex offender registry. No official government authority publishes enumerable offender records to the general public; such records, where they exist at all, are police-only as i"
TF,French Southern Territories,unsupported,,,"French Southern Territories has no permanent civilian population and no own registry; administered by France, whose FIJAIS/FIJAISV sex-offender database is police/judicial-only with no public enumerat"
TG,Togo,unsupported,,,"No public sex-offender registry. Togo only has a private casier judiciaire (criminal record) system requiring individual fee-based requests for one's own record; no public, enumerable list/search of o"
TH,Thailand,unsupported,,,No public sex offender registry exists in Thailand. Academic research (2020) and ECPAT/US TIP (2024) confirm it remains an unpassed legislative proposal; the only 2019 plan was to post arrest/release 
TJ,Tajikistan,unsupported,,,No official public sex-offender registry. Tajikistan publishes no enumerable/searchable offender list (unlike neighboring KZ/UZ); the Prosecutor General and national legal databases expose no such pub
TK,Tokelau,unsupported,,,"Tokelau (NZ territory, pop. ~1,500) has no sex offender registry of its own; the governing NZ Child Sex Offender Register is police-only and not publicly browsable/enumerable."
TL,Timor-Leste,unsupported,,,Timor-Leste operates no public sex-offender registry. Sexual-offense records are handled by the national police (PNTL) and courts and are not published to the public in any enumerable form. No officia
TM,Turkmenistan,unsupported,,,"No public sex-offender registry. Turkmenistan does not appear in any global survey of SORN systems (DOJ SMART, ICMEC); as a highly closed authoritarian state it publishes no public, enumerable offende"
TN,Tunisia,unsupported,,,Tunisia has no public sex offender registry. Criminal records (casier judiciaire/bulletin n°3) are confidential to the individual and judicial authorities only. Tunisia is absent from OJP/SMART global
TO,Tonga,unsupported,,,"No public sex offender registry exists in Tonga. Tonga is absent from global SORN-system surveys (SMART/ICMEC); no official government authority publishes an enumerable, publicly-browsable offender da"
TR,Türkiye,unsupported,,,"No public registry. Turkish criminal records (adli sicil) are confidential by law and accessible only to authorities/the individual; no official government-published, individually-searchable or enumer"
TT,Trinidad and Tobago,unsupported,,,Official TTPS public registry exists but Sexual Offences Act s.48(4) criminalizes reproducing/storing/using the data (TT$25k + 3yr) — exactly what an adapter would do; also search-only (not enumerable
TV,Tuvalu,unsupported,,,Tuvalu operates no public sex offender registry. The Tuvalu Police Force keeps an internal 'police registry of accused and convicted persons' (Police Act 1965) that is police-only with no public acces
TW,"Taiwan, Province of China",unsupported,,,"Taiwan's sex-offender registry is police-only (NPA database); access limited to certain vetting employers, not the public. NPA publishes only an aggregate count. The MOHW public platform covers convic"
TZ,"Tanzania, United Republic of",unsupported,,,"Tanzania has sexual-offences criminal legislation (Sexual Offences Special Provisions Act 1998) and general court judgments via TanzLII, but operates no official public, enumerable sex-offender regist"
UA,Ukraine,unsupported,,,"Ukraine's Unified Register of sex offenders against minors exists (Ministry of Justice, launched 2023) but is access-restricted by law to law enforcement and heads of child-serving institutions for ve"
UG,Uganda,unsupported,,,"Uganda's sex-offender register (maintained by NIRA under the Sexual Offences Bill) is private/police-only — data kept 'under lock and key', not publicly accessible or enumerable. As of June 2025 a pub"
UM,United States Minor Outlying Islands,unsupported,,,"UM (Baker, Howland, Jarvis, Johnston Atoll, Kingman Reef, Midway, Navassa, Palmyra, Wake) are uninhabited unincorporated territories with no permanent civilian population, no local government, no judi"
US,United States,covered,in-package (50 states),,
UY,Uruguay,unsupported,,,"Official registry exists (Min. del Interior, Art.104 Ley 19.889) but is not publicly enumerable — access is discretionary on justified request via the forensic police; only a self-lookup non-registrat"
UZ,Uzbekistan,unsupported,,,Uzbekistan's registry of persons convicted of sexual offenses against minors (est. Nov 2023) is restricted to state organizations working with minors; data is shared only with precinct inspectors and 
VA,Holy See (Vatican City State),unsupported,,,Holy See/Vatican City has no public sex-offender registry. Clergy abuse cases are handled confidentially via the Dicastery for the Doctrine of the Faith; the Vatican has formally advised against publi
VC,Saint Vincent and the Grenadines,unsupported,,,"No public registry — only a pending legislative petition/OECS proposal; no enacted government-run, publicly enumerable sex-offender registry exists for Saint Vincent and the Grenadines."
VE,"Venezuela, Bolivarian Republic of",unsupported,,,"No official public sex-offender registry. Venezuela's government systems (SAIME identity, CICPC criminal-record certificates) are individual cedula-keyed background lookups, not a public enumerable of"
VG,"Virgin Islands, British",unsupported,,,"British Virgin Islands has no public sex offender registry; no registration law enacted (Sexual Offences Bill 2025 still pending), officials still advocating for one. No official government authority "
VI,"Virgin Islands, U.S.",unsupported,,,verify failed (records=-1)
VN,Viet Nam,unsupported,,,"Vietnam has no public sex-offender registry. No registration/notification law exists; sexual offenses are handled only via the 2015 Criminal Code. The only public lookup (VNeID, Ministry of Public Sec"
VU,Vanuatu,unsupported,,,"Vanuatu operates no public sex-offender registry. It is absent from global SORN-law surveys (ICMEC/DOJ-SMART), and no Vanuatu government authority (Police Force or Dept. of Correctional Services) publ"
WF,Wallis and Futuna,unsupported,,,"Wallis and Futuna is a French overseas collectivity under French law. France's sex-offender registry (FIJAISV) is police/judiciary-only with strict confidentiality; no public, enumerable registry exis"
WS,Samoa,unsupported,,,Samoa's Sex Offenders Register is maintained internally by the Samoa Police Service with no public online enumerable/searchable interface (police site only finds stations / reports crime). The only br
YE,Yemen,unsupported,,,"Yemen operates no public sex offender registry. It is not among the ~18 countries with any sex-offender registration law, appears in no global registration-system survey (DOJ/SMART, ICMEC, OJP), and o"
YT,Mayotte,unsupported,,,Mayotte is a French overseas department governed by French law. France's only sex-offender registry (FIJAIS) is police/judicial-only with no public access; EU/GDPR privacy law prohibits public publica
ZA,South Africa,unsupported,,,"South Africa's NRSO (Dept. of Justice) is confidential by law — access only via application to a provincial registrar with a clearance certificate, limited to institutional fitness checks. No public b"
ZM,Zambia,unsupported,,,Zambia operates no public sex-offender registry. No official government authority publishes an enumerable/browsable offender list; no registration law on record. Consistent with the region (South Afri
ZW,Zimbabwe,unsupported,,,"Zimbabwe has no operational public sex-offender registry. A national register has been proposed/lobbied for (2011 police plans, judiciary and CSO calls) but never enacted, and any such system would be"
